iter	MultiClass
0	1.090827423
1	1.079233972
2	1.068968013
3	1.061901302
4	1.052057731
5	1.044190174
6	1.037857721
7	1.031200521
8	1.025252852
9	1.019559745
